codigo_centro,nome_centro,coord,instit,website,nr_inv,nr_phd,nr_phd_int,nr_grupos,aval_2007
MATH-LVT-Lisboa-143,Centro de Álgebra da Universidade de Lisboa,Gracinda Maria Santos Gomes Moreira da Cunha,Fundação da Universidade de Lisboa,http://caul.cii.fc.ul.pt/,42,32,14,3,Very Good
MATH-LVT-Lisboa-4032,Centro de Análise Funcional e Aplicações,Frank-Olme Ewald Speck,Instituto Superior Técnico - Universidade de Lisboa,http://ceaf.math.ist.utl.pt,26,22,22,1,Very Good
MATH-LVT-Lisboa-89,"Centro de Análise Matemática, Geometria e Sistemas Dinâmicos",Carlos Rocha,Instituto Superior Técnico - Universidade de Lisboa,http://camgsd.math.ist.utl.pt/,66,66,66,1,Excellent
MATH-Madeira-Funchal-219,Centro de Ciências Matemáticas - CCM,José Luís da Silva,Universidade da Madeira,http://www.uma.pt/Investigacao/Ccm/,26,22,19,2,Good
MATH-LVT-Lisboa-6,Centro de Estatística e Aplicações da Universidade de Lisboa,Maria Isabel Fraga Alves,Faculdade de Ciências - Universidade de Lisboa,http://www.ceaul.fc.ul.pt,79,51,39,4,Very Good
MATH-LVT-Lisboa-323,Centro de Estatística e Gestão de Informação - CEGI,Manuel José Vilares,Instituto Superior de Estatística e Gestão de Informação - Universidade Nova de Lisboa,,22,14,10,1,Fair
MATH-LVT-Lisboa-1431,Centro de Estruturas Lineares e Combinatórias,Carlos Alberto Martins André,Fundação da Universidade de Lisboa,http://hermite.cii.fc.ul.pt/index.html,30,27,19,5,Very Good
MATH-Centro-Aveiro-602,Centro de Estudos em Optimização e Controlo (CEOC),Domingos Cardoso,Universidade de Aveiro,http://ceoc.mat.ua.pt,34,23,20,3,Very Good
MATH-Alentejo-Evora-117,Centro de Investigação em Matemática e Aplicações - CIMA,Vladimir Alekseevitch Bushenkov,Universidade de Évora,http://www.cima.uevora.pt/,46,29,26,6,Good
MATH-LVT-Lisboa-152,Centro de Investigação Operacional,Luis Gouveia,Faculdade de Ciências - Universidade de Lisboa,http://cio.fc.ul.pt/home.do,56,34,34,1,Excellent
MATH-Centro-Covilha-212,Centro de Matemática,Vadim Yurinsky (iourinski),Universidade da Beira Interior,http://www.ubi.pt/investigacao.php,20,20,16,10,Good
MATH-Norte-Braga-13,Centro de Matemática - CMAT,Maria Paula Beirão de Oliveira Marques Smith,Universidade do Minho,http://www.cmat.uminho.pt/Default.aspx?tabindex=0&tabid=4&pageid=3&lang=pt-PT,78,55,36,15,Very Good
MATH-Norte-VilaReal-4080,Centro de Matemática - UTAD  (CM-UTAD),Emília Joaquina Giraldes Soares,Universidade de Trás-os-Montes e Alto Douro, http://home.utad.pt/~matemat,46,27,13,4,Good
MATH-Centro-Coimbra-324,Centro de Matemática da Universidade de Coimbra,José Miguel Dordio Martinho de Almeida Urbano,Faculdade de Ciências e Tecnologia - Universidade de Coimbra,http://www.mat.uc.pt/~cmuc/index.php,85,63,55,6,Excellent
MATH-Norte-Porto-144,Centro de Matemática da Universidade do Porto,João Nuno Domingues Tavares,Faculdade de Ciências - Universidade do Porto,http://www.fc.up.pt/cmup/,97,69,59,8,Excellent
MATH-LVT-Lisboa-822,Centro de Matemática e Aplicações - CEMAT,António Manuel Pacheco Pires,Instituto Superior Técnico - Universidade de Lisboa,http://www.math.ist.utl.pt/cma/index.shtml,90,62,25,6,Very Good
MATH-LVT-Almada-297,Centro de Matemática e Aplicações - CMA,Joao Tiago Mexia,Faculdade de Ciências e Tecnologia - Universidade Nova de Lisboa,http://www.dmat.fct.unl.pt/cma/index.do,64,46,30,6,Very Good
MATH-LVT-Lisboa-209,Centro de Matemática e Aplicações Fundamentais,luis sanchez rodrigues,Fundação da Universidade de Lisboa,http://ptmat.ptmat.fc.ul.pt/,79,65,38,8,Excellent
MATH-LVT-Lisboa-208,Grupo de Física-Matemática da Universidade de Lisboa,Jean-Claude Zambrini,Fundação da Universidade de Lisboa,http://gfm.cii.fc.ul.pt/,35,27,12,3,Excellent
MATH-Centro-Aveiro-255,Matemática e Aplicações,LUÍS FILIPE PINHEIRO DE CASTRO,Universidade de Aveiro,http://ma.mat.ua.pt/ma/home.php,74,47,37,6,Very Good
PHYS-Norte-Porto-3,Centro de Astrofísica da Universidade do Porto,Mário João Pires Fernandes Garcia Monteiro,Centro de Astrofísica - Universidade do Porto,http://www.astro.up.pt,49,31,22,2,Excellent
PHYS-LVT-Lisboa-2751,Centro de Astronomia e Astrofísica,Carlos Paulo da Câmara Crawford do Nascimento,Fundação da Faculdade de Ciências - Faculdade de Ciências da Universidade de Lisboa,http://www.oal.ul.pt/caaul/,31,21,13,2,Very Good
PHYS-Centro-Coimbra-36,Centro de Estudos de Materiais por Difracção de Raios X,José António De Carvalho Paixão,Faculdade de Ciências e Tecnologia - Universidade de Coimbra,http://pollux.fis.uc.pt.,29,19,17,3,Very Good
PHYS-LVT-Lisboa-303,Centro de Física Atómica,Maria Luisa Dias de Carvalho de Sousa Leonardo,Fundação da Universidade de Lisboa,http://www.ciul.ul.pt/~cfa/,36,25,21,5,Very Good
PHYS-Centro-Coimbra-405,Centro de Física Computacional,Manuel Joaquim Baptista Fiolhais,Centro de Física Computacional - Faculdade de Ciências e Tecnologia da Universidade de Coimbra,http://cfc.fis.uc.pt/,60,43,34,5,Very Good
PHYS-LVT-Lisboa-261,Centro de Física da Matéria Condensada,Maria Margarida da Fonseca Beja Godinho,Fundação da Universidade de Lisboa,http://cfmc.cii.fc.ul.pt/pt,59,52,29,4,Very Good
PHYS-Norte-Braga-607,Centro de Física da Universidade do Minho,Senentxu Lanceros-Mendez,Universidade do Minho,http://www.fisica.uminho.pt/df2/df/Web/Page.aspx?id=05,84,65,55,7,Excellent
PHYS-LVT-Lisboa-91,Centro de Física das Interacções Fundamentais,José Emílio Fernandes Tavares Ribeiro,Centro de Física das Interacções Fundamentais - Instituto Superior Técnico,http://cfif.ist.utl.pt/cfif.html,28,26,15,3,Very Good
PHYS-Norte-Porto-44,Centro de Física do Porto,Miguel Costa,Faculdade de Ciências - Universidade do Porto,http://faraday.fc.up.pt/cfp,25,14,10,2,Very Good
PHYS-LVT-Almada-68,Centro de Física e Investigação Tecnológica - CEFITEC,Paulo Manuel Assis Loureiro Limão Vieira,Faculdade de Ciências e Tecnologia - Universidade Nova de Lisboa,http://cefitec.df.fct.unl.pt/,53,35,22,8,Very Good
PHYS-LVT-Lisboa-275,Centro de Física Nuclear ,António Carlos de Sá Fonseca,Fundação da Universidade de Lisboa,http://cfnul.cii.fc.ul.pt/,95,64,32,6,Very Good
PHYS-LVT-Lisboa-777,Centro de Física Teórica de Particulas,Gustavo Castelo Branco,Instituto Superior Técnico - Universidade de Lisboa,http://cftp.ist.utl.pt/,49,40,23,1,Excellent
PHYS-LVT-Lisboa-618,Centro de Física Teórica e Computacional da Universidade de Lisboa,Augusto M. C. A. Barroso,Fundação da Universidade de Lisboa,http://cftc.cii.fc.ul.pt/~cftcweb/index.html,45,29,17,5,Very Good
PHYS-Centro-Coimbra-217,Centro de Instrumentação,Joaquim Marques Ferreira dos Santos,Faculdade de Ciências e Tecnologia - Universidade de Coimbra,http://c-instr.fis.uc.pt/,53,21,21,4,Very Good
PHYS-LVT-Lisboa-99,Centro Multidisciplinar de Astrofísica - CENTRA,Jorge Venceslau Comprido Dias de Deus,Instituto Superior Técnico - Universidade de Lisboa,http://centra.ist.utl.pt/,24,17,18,2,Very Good
PHYS-LVT-Lisboa-427,Grupo de Dinâmica Não-Linear,Rui Manuel Agostinho Dilao,Instituto Superior Técnico - Universidade de Lisboa,https://sd.ist.utl.pt/,4,4,3,2,Fair
PHYS-Centro-Covilha-524,Unidade de Detecção Remota,José Alberto Ribeiro Pacheco de Carvalho,Universidade da Beira Interior,http://ubista.ubi.pt/~udt/udt.html,40,22,11,4,Good
CHEM-LVT-Lisboa-536,Centro de Ciências Moleculares e Materiais,Carlos Alberto Nieto de Castro,Faculdade de Ciências - Universidade de Lisboa,http://ccmm.fc.ul.pt/,76,45,28,5,Very Good
CHEM-Norte-Porto-81,Centro de Investigação em Química da Universidade do Porto ,Manuel Ribeiro Silva,Associação para o Desenvolvimento da Faculdade de Ciências da Universidade do Porto,http://ciq.fc.up.pt/,98,45,39,5,Excellent
CHEM-Algarve-Faro-4023,Centro de Investigação em Química do Algarve,Joao Carlos Pereira Peres Brandao,Faculdade de Ciências e Tecnologia - Universidade do Algarve,http://www.ualg.pt/ciqa,38,25,16,2,Good
CHEM-Norte-Braga-686,Centro de Química,Maria Fernanda de Jesus Rego Paiva Proença,Universidade do Minho,http://www.quimica.uminho.pt/,70,42,36,7,Excellent
CHEM-Centro-Coimbra-313,Centro de Química - Coimbra,Sebastião José Formosinho Sanches Simões,Faculdade de Ciências e Tecnologia - Universidade de Coimbra,http://www.qui.uc.pt/investigacao.php,80,52,44,6,Very Good
CHEM-Norte-VilaReal-616,Centro de Química - Vila Real,Pedro Manuel de Melo Bandeira Tavares,Universidade de Trás-os-Montes e Alto Douro,http://www.utad.pt/pt/investigacao/c_quimica/index.html,32,20,19,3,Very Good
CHEM-Madeira-Funchal-674,Centro de Química da Madeira,João Rodrigues,Universidade da Madeira,http://cqm.uma.pt/index.php,25,14,13,2,Good
CHEM-Alentejo-Evora-619,Centro de Química de Évora,Peter Joseph Michael Carrott,Universidade de Évora,http://www.cqe.uevora.pt/,53,26,24,6,Good
CHEM-LVT-Lisboa-612,Centro de Química e Bioquímica,Maria José Calhorda,Faculdade de Ciências - Universidade de Lisboa,http://cqb.fc.ul.pt/,111,62,48,12,Excellent
CHEM-LVT-Lisboa-100,Centro de Química Estrutural,João Emídio da Silva da Costa Pessoa,Instituto Superior Técnico - Universidade de Lisboa,http://cqe.ist.utl.pt/,130,95,77,7,Excellent
CHEM-Centro-Aveiro-62,"Química Orgânica, Produtos Naturais e Agroalimentares",José Abrunheiro da Silva Cavaleiro,Universidade de Aveiro,http://www.ua.pt/ii/PageText.aspx?id=1357,58,30,29,3,Excellent
CHEM-Centro-Coimbra-70,Química-Física Molecular,António Marinho Amorim da Costa Amorim da Costa,Faculdade de Ciências e Tecnologia - Universidade de Coimbra,http://www.uc.pt/qfm/,45,31,13,8,Good
EASP-Centro-Coimbra-73,Centro de Geociências,MÁRIO DE OLIVEIRA QUINTA FERREIRA,Faculdade de Ciências e Tecnologia - Universidade de Coimbra,http://www.uc.pt/cgeo/,101,42,29,4,Good
EASP-Alentejo-Evora-78,Centro de Geofísica - Évora,Ana Maria Guedes de Almeida e Silva,Universidade de Évora,http://www.cge.uevora.pt/,51,37,33,2,Good
EASP-Centro-Coimbra-611,Centro de Geofísica da Universidade de Coimbra,Pedro Miguel Callapez Tonicher,Faculdade de Ciências e Tecnologia - Universidade de Coimbra,http://www.uc.pt/iguc/cguc.htm,34,29,12,3,Good
EASP-LVT-Lisboa-263,Centro de Geologia - Lisboa,Maria da Conceição Pombo de Freitas,Fundação da Faculdade de Ciências - Faculdade de Ciências da Universidade de Lisboa,http://centro-geologia.fc.ul.pt/,58,36,27,6,Very Good
EASP-Norte-Porto-39,Centro de Geologia da Universidade do Porto,Fernando Noronha,Faculdade de Ciências - Universidade do Porto,http://www.fc.up.pt,95,50,27,9,Good
EASP-LVT-Lisboa-94,Centro de Geo-Sistemas - CVRM,Luís Filipe Tavares Ribeiro,Instituto Superior Técnico - Universidade de Lisboa,http://cvrm.ist.utl.pt/,40,22,11,1,Very Good
EASP-LVT-Almada-4073,Centro de Investigação em Ciência e Engenharia Geológica (CICEGe),João José Cardoso Pais,Faculdade de Ciências e Tecnologia - Universidade Nova de Lisboa, http://www.cicege.fct.unl.pt/,26,18,15,3,Good
EASP-Norte-Porto-190,Centro de Investigação em Ciências Geo-Espaciais (CICGE),José Joaquim Sousa Pereira Osório,Faculdade de Ciências - Universidade do Porto,http://www.fc.up.pt/cicge/,24,15,12,3,Good
EASP-Norte-Porto-668,Centro de Investigação em Geo-Ambiental e Recursos - CIGAR,António Manuel Antunes Fiúza,Faculdade de Engenharia - Universidade do Porto,http://paginas.fe.up.pt/~cigar/,21,21,20,8,Good
EASP-Norte-Braga-697,"Centro de Investigação Geológica, Ordenamento e Valorização de Recursos",Carlos Augusto Alves Leal Gomes,Universidade do Minho,http://www.dct.uminho.pt/cig-r/cigr.html,19,8,7,1,Very Good
EASP-LVT-Lisboa-98,Centro de Petrologia e Geoquímica,José Manuel Marques,Instituto Superior Técnico - Universidade de Lisboa,http://cepgist.ist.utl.pt/,15,14,9,3,Good
EASP-Acores-PontaDelgada-643,Centro de Vulcanologia e Avaliação de Riscos Geológicos,Maria Gabriela Pereira da Silva Queiroz,Universidade dos Açores,http://www.cvarg.azores.gov.pt,30,11,8,1,Excellent
EASP-LVT-Lisboa-4028,CERENA - Centro de Recursos Naturais e Ambiente,Amilcar de Oliveira Soares,Instituto Superior Técnico - Universidade de Lisboa,https://cerena.ist.utl.pt,60,37,26,3,Very Good
EASP-Centro-Aveiro-4035,"GeoBioTec – GeoBioSciences, GeoTechnologies and GeoEngineering",Fernando Joaquim Fernandes Tavares Rocha,Universidade de Aveiro,http://www.ua.pt/geo/,89,49,44,5,Very Good
BIOS-LVT-Lisboa-4046,Center for Biodiversity Functional and Integrative Genomics,Rui Malhó,Fundação da Faculdade de Ciências - Faculdade de Ciências da Universidade de Lisboa,http://Biofig.fc.ul.pt,103,63,56,5,Very Good
BIOS-LVT-Lisboa-329,Centro de Biologia Ambiental,Maria Luz Costa Pereira Mathias,Fundação da Faculdade de Ciências - Faculdade de Ciências da Universidade de Lisboa,http://cba.fc.ul.pt/,167,78,65,4,Good
BIOS-LVT-Oeiras-664,Centro de Biologia do Desenvolvimento/Centre for Developmental Biology,Moises Mallo,Instituto Gulbenkian de Ciência,http://www.igc.gulbenkian.pt/node/view/26,37,22,26,9,Excellent
BIOS-Norte-Braga-4050,Centro de Biologia Molecular e Ambiental (CBMA),Cândida Manuel Ribeiro Simões Lucas,Universidade do Minho,http://www.bio.uminho.pt/,66,24,23,2,Very Good
BIOS-Centro-Coimbra-4004,Centro de Ecologia Funcional/Centre for Functional Ecology,Helena Maria de Oliveira Freitas,Faculdade de Ciências e Tecnologia - Universidade de Coimbra,http://www.uc.pt/ecology,33,18,18,3,Good
BIOS-LVT-Lisboa-41,Centro de Engenharia Biológica,João Daniel Correia Arrabaça,Fundação da Faculdade de Ciências - Faculdade de Ciências da Universidade de Lisboa,http://www.fc.ul.pt/centros/biol,21,16,8,1,Fair
BIOS-Madeira-Funchal-137,Centro de Estudos da Macaronésia - Ciências da Vida e da Terra,Miguel Angelo Almeida Pinheiro de Carvalho,Universidade da Madeira,http://www.uma.pt/cem/,40,28,19,2,Fair
BIOS-Norte-Braga-4048,CENTRO DE FISIOLOGIA MOLECULAR E BIOTECNOLOGIA DE PLANTAS (CFMBP),Manuel Fernandes-Ferreira,Universidade do Minho,http://www.bio.uminho.pt/cfmbp; http://cfmbp.bio.uminho.pt/,34,11,10,2,Fair
BIOS-Acores-PontaDelgada-172,Centro de Investigação de Recursos Naturais,Nelson Simões,Universidade dos Açores,http://www.cirn.uac.pt/intro_banner.php,46,24,24,5,Fair
BIOS-Norte-Porto-609,Centro de Investigação em Biodiversidade e Recursos Genéticos - CIBIO,Nuno Ferrand,Instituto de Ciências e Tecnologias Agrárias e Agro-Alimentares - Porto - Universidade do Porto,http://cibio.up.pt/,131,58,46,9,Excellent
BIOS-LVT-Almada-457,Centro de Recursos Microbiológicos - CREM,Ilda Maria Barros Santos Gomes Sanches,Faculdade de Ciências e Tecnologia - Universidade Nova de Lisboa,http://www.crem.fct.unl.pt/,35,19,16,7,Very Good
BIOS-Centro-Leiria-4075,"Grupo de Investigação em Recursos Marinhos, Escola Superior de Tecnologia do Mar",Alexandra Augusta Ramos Lopes da Cruz,Instituto Politécnico de Leiria,http://www.estm.ipleiria.pt,7,2,6,1,Fair
MAR-LVT-Lisboa-516,Centro de Ambiente e Tecnologia Marítimos - MARETEC,Ramiro Joaquim de Jesus Neves,Instituto Superior Técnico - Universidade de Lisboa,http://www.maretec.mohid.com/,32,11,7,2,Very Good
MAR-Algarve-Faro-350,Centro de Investigação Marinha e Ambiental (CIMA),Tomasz Boski,Universidade do Algarve,http://cima.ualg.pt/,107,43,26,10,Good
MAR-LVT-Lisboa-199,Centro de Oceanografia,Isabel Ambar,Fundação da Faculdade de Ciências - Faculdade de Ciências da Universidade de Lisboa,http://www.io.fc.ul.pt/,122,36,33,5,Very Good
MAR-Centro-Coimbra-284,IMAR- Centro Interdisciplinar de Coimbra,João Carlos Marques,Instituto do Mar,http://www.uc.pt/imar/,189,84,78,9,Very Good
MAR-LVT-Lisboa-331,Unidade de Investigação em Eco-Etologia,Vitor Manuel Carvalho Almada,Instituto Superior de Psicologia Aplicada,http://www.ispa.pt/ui/uie/,30,15,13,2,Excellent
ENVS-LVT-Almada-4085,CENSE - Center for ENvironmental and Sustainability rEsearch,Maria Paula Baptista da Costa Antunes,Faculdade de Ciências e Tecnologia - Universidade Nova de Lisboa,http://cense.fct.unl.pt,56,20,15,4,Excellent
ENVS-LVT-Lisboa-4006,"Laboratório de Sistemas, Instrumentação e Modelação em Ciências e Tecnologias do Ambiente e do Espaço - SIM",Filipe Duarte Santos,Fundação da Faculdade de Ciências - Faculdade de Ciências da Universidade de Lisboa,http://www.sim.fc.ul.pt,29,12,10,2,Very Good
AGR-LVT-Lisboa-240,Centro de Botânica Aplicada à Agricultura,Wanda Viegas,Instituto Superior de Agronomia - Universidade Técnica de Lisboa,http://www.isa.utl.pt/cbaa/,39,39,39,4,Very Good
AGR-Norte-VilaReal-772,Centro de Ciência Animal e Veterinária (CECAV),Arnaldo Alves Dias da Silva,Universidade de Trás-os-Montes e Alto Douro,http://home.utad.pt/~cecav/,63,43,37,9,Good
AGR-Algarve-Faro-52,Centro de Desenvolvimento de Ciências e Técnicas de Produção Vegetal,Pedro José Realinho Gonçalves Correia,Universidade do Algarve,http://www.ualg.pt/cdctpv,71,54,16,6,Fair
AGR-LVT-Lisboa-520,Centro de Ecologia Aplicada Prof. Baeta Neves,Francisco Manuel Cardoso Castro Rego,Instituto Superior de Agronomia - Universidade Técnica de Lisboa,http://www.isa.utl.pt/ceabn/content/1/1/homepage,33,8,7,5,Very Good
AGR-Norte-Porto-211,Centro de Estudos de Ciência Animal,José Manuel Alves Correia da Costa,Instituto de Ciências e Tecnologias Agrárias e Agro-Alimentares - Porto - Universidade do Porto,http://www.ceca.up.pt/,42,19,12,4,Very Good
AGR-LVT-Lisboa-245,Centro de Estudos de Engenharia Rural,Luis Santos Pereira,Instituto Superior de Agronomia - Universidade Técnica de Lisboa,http://www.isa.utl.pt/der/ceer/,70,44,32,3,Very Good
AGR-Centro-Coimbra-681,"Centro de Estudos de Recursos Naturais, Ambiente e Sociedade - CERNAS",Manuel Fernando de Miranda Páscoa,Escola Superior Agrária de Coimbra - Instituto Politécnico de Coimbra,http://www.esac.pt/cernas/mapa_do_site.htm,117,59,42,5,Good
AGR-LVT-Lisboa-239,Centro de Estudos Florestais,Helena Margarida Nunes Pereira,Instituto Superior de Agronomia - Universidade Técnica de Lisboa,http://www.isa.utl.pt/cef/,102,55,45,8,Very Good
AGR-Norte-Braganca-690,Centro de Investigação de Montanha,Jaime Camilo Afonso Maldonado Pires,Escola Superior Agrária de Bragança - Instituto Politécnico de Bragança,http://www.esa.ipb.pt/investigacao.php?id=cimo,69,42,40,3,Good
AGR-Norte-VilaReal-4033,Centro de Investigação e de Tecnologias Agro-Ambientais e Biológicas,Eduardo Rosa,Universidade de Trás-os-Montes e Alto Douro,http://www.utad.citab.pt/,95,66,42,4,Very Good
AGR-Acores-PontaDelgada-153,Centro de Investigação e Tecnologia Agrária dos Açores - CITA - A,João da Silva Madruga,Universidade dos Açores,http://www.angra.uac.pt/dca/CITAA.asp,37,31,25,4,Good
AGR-LVT-Lisboa-276,Centro de Investigação Interdisciplinar em Sanidade Animal,Luis Manuel Morgado Tavares,Faculdade de Medicina Veterinária - Universidade Técnica de Lisboa,http://www.fmv.utl.pt/ciisa.php,112,71,72,4,Very Good
AGR-LVT-Lisboa-244,Centro de Pedologia,Manuel MADEIRA,Instituto Superior de Agronomia - Universidade Técnica de Lisboa,http://www.isa.utl.pt/cped/,27,22,15,6,Fair
AGR-Alentejo-Evora-115,Instituto de Ciências Agrárias Mediterrânicas - ICAM ,Maria do Rosário Gamito de Oliveira,Universidade de Évora,http://www.icam.uevora.pt/,157,107,70,8,Very Good
AGR-LVT-Lisboa-528,Química Ambiental,Fernanda Maria Miranda Cabral,Instituto Superior de Agronomia - Universidade Técnica de Lisboa,http://www.isa.utl.pt/dqaa/uiqa,35,26,12,2,Very Good
HESC-Centro-Aveiro-482,Centro de Biologia Celular,Edgar Figueiredo da Cruz e Silva,Universidade de Aveiro,http://www2.ii.ua.pt/cbc/uicbc.htm,23,8,8,4,Very Good
HESC-LVT-Lisboa-306,Centro de Cardiologia,Luciano Pinto Ravara,Associação para a Investigação e Desenvolvimento - Faculdade de Medicina da Universidade de Lisboa,"http://www.ul.pt/portal/page?_pageid=173,172799&_dad=portal&_schema=PORTAL",40,18,11,17,Very Good
HESC-Centro-Coimbra-4081,Centro de Ciências Forenses ,Duarte Nuno Pessoa Vieira,"Instituto Nacional de Medicina Legal, I. P.",n/a,86,21,7,5,Good
HESC-Centro-Coimbra-663,Centro de Estudos Biocinéticos,Ana Maria Miranda Botelho Teixeira,Universidade de Coimbra,http://www.uc.pt/prospecto/unidades/p3_ceb.html,34,18,9,2,Fair
HESC-LVT-Lisboa-715,Centro de Estudos de Doenças Crónicas - CEDOC,Maria João Costa Santos Mattos Marques Gomes,Faculdade de Ciências Médicas - Universidade Nova de Lisboa,n/a,71,33,22,4,Good
HESC-Centro-Coimbra-4066,Centro de Estudos e Investigação em Saúde da Universidade de Coimbra,Pedro Augusto Melo Lopes Ferreira,Universidade de Coimbra,http://www4.fe.uc.pt/ceisuc,14,8,6,1,Good
HESC-Centro-Coimbra-177,Centro de Estudos Farmacêuticos,Maria Luisa Campeão Fernandes Vaz Sá Melo,Universidade de Coimbra,http://www.ff.uc.pt/cef/homepage.htm,107,62,42,6,Good
HESC-Norte-Porto-38,Centro de Farmacologia e Biopatologia Química,Maria Isabel Amorim de Azevedo,Faculdade de Medicina - Universidade do Porto,http://www.cpcb.med.up.pt/,49,32,20,8,Good
SAU-Centro-Coimbra-60,Centro de Gastrenterologia - Coimbra,Maximino José Correia Leitão,Centro de Gastrenterologia - Faculdade de Medicina da Universidade de Coimbra,,12,5,1,7,Fair
HESC-Norte-Porto-776,Centro de Investigação do Instituto Português de Oncologia do Porto (CI-IPOP),Manuel António Rodrigues Teixeira,Centro Regional do Oncologia do Porto - Instituto Português de Oncologia de Francisco Gentil,http://pwp.netcabo.pt/m.a.r.teixeira/CI-IPOP/default.htm,80,17,17,3,Very Good
HESC-Norte-Porto-617,"Centro de Investigação em Actividade Física, Saúde e Lazer",Jorge Mota,Faculdade de Desporto - Universidade do Porto,http://www.fade.up.pt/ciafel,26,12,11,1,Very Good
HESC-Centro-Covilha-709,Centro de Investigação em Ciências da Saúde,João António de Sampaio Rodrigues Queiroz,Universidade da Beira Interior,http://www.fcsaude.ubi.pt/cics/,56,35,26,2,Very Good
HESC-Alentejo-Evora-4079,Centro de Investigação em Ciências e Tecnologias da Saúde,Peter Prosper Auguste Elodie Vogelaere,Universidade de Évora,http://www.cicts.uevora.pt/cicts.htm,24,16,15,2,Fair
HESC-Norte-VilaReal-4045,"Centro de Investigação em Desporto, Saúde e  Desenvolvimento Humano",Antonio José Rocha MArtins Silva,Universidade de Trás-os-Montes e Alto Douro,http://www.utad.pt,137,76,43,3,Good
HESC-LVT-Lisboa-9,Centro de Investigação em Genética Molecular Humana,José Rueff,Universidade Nova de Lisboa,http://cigmh.unl.pt/,62,28,26,3,Good
HESC-Norte-Porto-753,Centro de Investigação em Tecnologias e Sistemas de Informação em Saúde - CINTESIS,Altamiro Manuel Rodrigues Costa Pereira,Faculdade de Medicina - Universidade do Porto,http://cintesis.med.up.pt,26,7,6,3,Very Good
HESC-Norte-Porto-4068,"CENTRO DE INVESTIGAÇÃO, FORMAÇÃO, INTERVENÇÃO E INOVAÇÃO EM DESPORTO (CIFI2D)",António Manuel Leal Ferreira Mendonça da Fonseca,Faculdade de Ciências do Desporto e de Educação Física - Universidade do Porto,http://www.fade.up.pt/cifi2d,70,41,39,6,Fair
HESC-LVT-Lisboa-7,Centro de Metabolismo e Endocrinologia,Manuel Diamantino Pires Bicho,Faculdade de Medicina - Universidade de Lisboa,"http://www.ul.pt/portal/page?_pageid=173,172918&_dad=portal&_schema=PORTAL",54,25,11,8,Fair
HESC-Norte-Porto-121,Centro de Morfologia Experimental,Maria Dulce Cordeiro Madeira,Faculdade de Medicina - Universidade do Porto,http://anatomia.med.up.pt/,24,11,9,11,Very Good
HESC-LVT-Lisboa-775,Centro de Patogénese Molecular - Unidade de Retrovírus e Infecções Associadas,JOSE ANTONIO FRAZAO MONIZ PEREIRA,Associação para o Desenvolvimento do Ensino e Investigação da Microbiologia,"http://www.ul.pt/portal/page?_pageid=173,172972&_dad=portal&_schema=PORTAL",24,12,7,3,Excellent
HESC-Centro-Coimbra-123,Centro de Pneumologia,Carlos Manuel da Silva Robalo Cordeiro,Faculdade de Medicina - Universidade de Coimbra,http://www.uc.pt/pneumo/,76,18,20,43,Fair
HESC-Norte-Porto-4040,Centro de Química Medicinal (CEQUIMED),Madalena Maria Magalhães Pinto,Faculdade de Farmácia - Universidade do Porto,n/a,37,23,13,2,Good
HESC-LVT-Oeiras-447,Centro Interdisciplinar de Estudo da Performance Humana,Maria Leonor Frazão Moniz Pereira da Silva,Faculdade de Motricidade Humana - Universidade Técnica de Lisboa,http://www.fmh.utl.pt/ciper,90,61,49,10,Very Good
HESC-Norte-Porto-721,Gabinete de Investigação de Bioética,Walter Friedrich Alfred Osswald,Centro Regional do Porto da Universidade Católica Portuguesa,http://www.porto.ucp.pt/site/custom/template/ucptplminisitehome.asp?SSPAGEID=3095&lang=0,41,21,16,2,Very Good
HESC-LVT-Oeiras-599,Genética e Desenvolvimento da Tolerância Natural,António Coutinho,Instituto Gulbenkian de Ciência,http://www.igc.gulbenkian.pt/node/view/4,37,37,29,17,Excellent
HESC-LVT-Lisboa-645,Institute of Biophysics and Biomedical Engineering (IBEB),Pedro Michael Cavaleiro de Miranda,Faculdade de Ciências - Universidade de Lisboa,"http://ibeb.fc.ul.pt/51,welcome",34,8,5,6,Very Good
HESC-Centro-Coimbra-3282,Instituto Biomédico de Investigação de Luz e Imagem - IBILI,Miguel de Sá e Sousa de Castelo Branco,Faculdade de Medicina - Universidade de Coimbra,http://www.ibili.uc.pt/website/index7.html,112,52,40,8,Excellent
HESC-Norte-Braga-652,Instituto de Investigação em Ciências da Vida  e Saúde,Maria Cecilia Lemos Pinto Estrela Leao,Universidade do Minho,http://www.ecsaude.uminho.pt/icvs/,92,31,29,6,Excellent
HESC-LVT-Lisboa-4104,Instituto de Medicina Preventiva,José Manuel Domingos Pereira Miguel,Faculdade de Medicina - Universidade de Lisboa,,33,8,6,1,Good
HESC-LVT-Lisboa-4013,Research Institute for Medicines and Pharmaceutical Sciences,José Augusto Guimarães Morais,Faculdade de Farmácia - Universidade de Lisboa,http://www.ff.ul.pt,195,113,83,7,Very Good
HESC-Norte-Porto-51,Unidade de Investigação e Desenvolvimento Cardiovascular,Adelino Leite Moreira,Faculdade de Medicina - Universidade do Porto,http://uncardio.med.up.pt/index.html,103,47,47,5,Very Good
HESC-Norte-Porto-725,Unidade de Investigação e Desenvolvimento de Nefrologia,Manuel Pestana,Faculdade de Medicina - Universidade do Porto,http://sigarra.up.pt/fmup/web_base.gera_pagina?p_pagina=1827#UIDN,28,11,8,7,Very Good
HESC-LVT-Lisboa-638,Unidade de Investigação e Desenvolvimento em Enfermagem (UI&DE),Maria Antónia Miranda Rebelo Botelho Alfaro Velez,Escola Superior de Enfermagem de Calouste Gulbenkian de Lisboa,http://www.esenfcgl.pt/ESECGL/PT/UIDE/Apresentacao/uide.htm,18,8,8,2,Fair
HESC-Norte-Porto-688,Unidade de Investigação e Formação sobre Adultos e Idosos - UnifAI,Maria Constança Paúl,Instituto de Ciências Biomédicas Abel Salazar - Universidade do Porto,http://www.unifai.net,26,16,15,1,Very Good
HESC-Centro-Coimbra-742,Unidade de Investigação em Ciências da Saúde: Domínio de Enfermagem,Manuel Rodrigues,,http://www2.esenfc.pt/uicisa,64,27,25,2,Good
HESC-LVT-Lisboa-4062,Unidade de Investigação em Ciências Orais e Biomédicas,António Emílio Peixoto de Vasconcelos Tavares,Faculdade de Medicina Dentária - Universidade de Lisboa,http://www.fmd.ul.pt,44,25,19,5,Good
HESC-LVT-Lisboa-74,Unidade de Parasitologia e Microbiologia Médicas,Maria Amelia Afonso Gracio,Instituto de Higiene e Medicina Tropical - Universidade Nova de Lisboa,http://www.ihmt.unl.pt/centrosinvestigacao/centroinv_upmm.asp,50,29,13,5,Very Good
HESC-Norte-Porto-215,Unidade Multidisciplinar de Investigação Biomédica - UMIB,Paulo Correia de Sá,Instituto de Ciências Biomédicas Abel Salazar - Universidade do Porto,http://sigarra.up.pt/icbas/unidades_geral.visualizar?p_unidade=37,155,39,30,11,Good
CIVE-Centro-Covilha-4082,Centre of Materials and Building Technologies (C-MADE),João Paulo CastroGomes,Universidade da Beira Interior,http://www.c-made.ubi.pt,19,7,5,1,Good
CIVE-Centro-Covilha-691,Centro de Engenharia Civil da Universidade da Beira Interior,João António Saraiva Pires da Fonseca,Universidade da Beira Interior,,14,12,9,4,Poor
CIVE-Norte-Porto-733,Centro de Estudos da Construção,António Manuel Adão da Fonseca,Faculdade de Engenharia - Universidade do Porto,http://www.fe.up.pt/vibest,106,39,29,4,Good
CIVE-LVT-Lisboa-92,Centro de Estudos de Hidrosistemas - CEHIDRO,António Pinheiro,Instituto Superior Técnico - Universidade de Lisboa,http://www.civil.ist.utl.pt/cehidro/,51,26,17,4,Very Good
CIVE-Norte-Porto-620,"Centro de Hidráulica, Recursos Hídricos e Ambiente da FEUP - CEHRA",Fernando Francisco Machado Veloso Gomes,Faculdade de Engenharia - Universidade do Porto,http://paginas.fe.up.pt/~fpinto/CEHRA/,30,14,9,2,Good
CIVE-Norte-Porto-699,"Centro de Investigação do Território, Transportes e Ambiente - CITTA",Paulo Pinho,Faculdade de Engenharia - Universidade do Porto,http://citta.fe.up.pt/ ,16,6,5,3,Fair
CIVE-Centro-Coimbra-4003,Centro de Investigação em Ciências da Construção (CICC),Antonio José Barreto Tadeu,Faculdade de Ciências e Tecnologia - Universidade de Coimbra,http://www.dec.uc.pt/construc/cicc/,21,12,11,3,Good
CIVE-Centro-Coimbra-148,Centro de Investigação em Engenharia Civil,António José Pais Antunes,Faculdade de Ciências e Tecnologia - Universidade de Coimbra,http://www.dec.uc.pt/~ciec/,47,26,14,2,Good
CIVE-LVT-Almada-635,Centro de Investigação em Estruturas e Construção da UNL - UNIC,Manuel Americo de Jesus Goncalves da Silva,Faculdade de Ciências e Tecnologia - Universidade Nova de Lisboa,http://www.dec.fct.unl.pt/UNIC/,29,18,9,5,Good
CIVE-LVT-Lisboa-93,Centro de Sistemas Urbanos e Regionais - CESUR,João Torres de Quinhones Levy,Instituto Superior Técnico - Universidade de Lisboa,http://cesur.civil.ist.utl.pt/,20,20,20,3,Very Good
CIVE-Norte-Braga-4047,"Centro de Território, Ambiente e Construção",Paulo António Alves Pereira,Universidade do Minho,http://www.civil.uminho.pt/c-tac,81,47,15,2,Good
CIVE-LVT-Lisboa-76,"Instituto de Engenharia de Estruturas, Território e Construção - ICIST",Jorge Manuel Caliço Lopes de Brito,Instituto Superior Técnico - Universidade de Lisboa,http://www.civil.ist.utl.pt/ic/,150,73,51,6,Very Good
CIVE-Norte-Braga-4029,ISISE – Institute for sustainability and innovation in structural engineering,PAULO JOSÉ BRANDÃO BARBOSA LOURENÇO,Universidade do Minho,http://www.isise.net,70,29,16,3,Very Good
CIVE-Norte-Porto-717,Laboratório da Tecnologia do Betão e do Comportamento Estrutural - LABEST,Joaquim Azevedo Figueiras,Faculdade de Engenharia - Universidade do Porto,http://paginas.fe.up.pt/labest/,37,15,9,2,Very Good
MECH-Centro-Covilha-4034,AeroG - Aeronautics and Astronautics Research Center,Jorge Manuel Martins Barata,Universidade da Beira Interior, http://aeronautics.ubi.pt,14,7,4,1,Very Good
MECH-Centro-Covilha-151,Centre for Aerospace Science and Technologies – CAST,Anna Guerman,Universidade da Beira Interior,www.aerospace.ubi.pt,33,20,10,5,Good
MECH-Norte-Braga-4077,Centre for Mechanics and Materials Technologies,António Augusto Sousa Miranda,Universidade do Minho,http://www.dem.uminho.pt,81,35,25,3,Very Good
MECH-LVT-Lisboa-670,Centro de Ciências e Tecnologias Aeronáuticas e Espaciais - CCTAE,Luis Manuel Braga da Costa Campos,Instituto Superior Técnico - Universidade de Lisboa,http://www.ist.utl.pt/html/id/,8,8,8,1,Good
MECH-Centro-Coimbra-285,Centro de Engenharia Mecânica,Luis Filipe Martins de Menezes,Faculdade de Ciências e Tecnologia - Universidade de Coimbra,n/a,117,74,69,6,Excellent
MECH-Norte-Porto-679,Centro de Estudos de Energia Eólica e Escoamentos Atmosféricos,José Manuel Laginha Mestre da Palma,Faculdade de Engenharia - Universidade do Porto,http://sigarra.up.pt/up/web_base.gera_pagina?p_pagina=2453,11,8,7,1,Very Good
MECH-Norte-Porto-532,Centro de Estudos de Fenómenos de Transporte,João Bernardo Lares Moreira de Campos,Faculdade de Engenharia - Universidade do Porto,http://paginas.fe.up.pt/~ceft/index.html,32,14,10,1,Excellent
MECH-Norte-Porto-615,Centro de Investigação e Desenvolvimento em Engenharia Mecânica - CIDEM,Luís Miguel Pereira Durão,Instituto Superior de Engenharia do Porto - Instituto Politécnico do Porto,http://www.ipp.pt/ipp.php?content=ID,6,6,6,1,Very Good
MECH-Centro-Aveiro-481,Centro de Tecnologia Mecânica e  Automação,José Joaquim Almeida Grácio,Universidade de Aveiro,http://www2.mec.ua.pt/tema/index.html,52,50,43,1,Excellent
MECH-Norte-Braga-252,Centro Interdisciplinar emTecnologias da Produção e Energia,JOSÉ CARLOS FERNANDES TEIXEIRA,Universidade do Minho,http://www.citepe.uminho.pt/,117,44,18,10,Good
MECH-LVT-Lisboa-4005,Centro Lusíada de Investigação e Desenvolvimento em Engenharia e Gestão Industrial,Rui Silva,"Fundação Minerva, Cultura, Ensino e Investigação Científica",http://clegi.fam.ulusiada.pt,21,16,10,2,Very Good
MECH-Centro-Leiria-4044,Centro para o Desenvolvimento Rápido e Sustentado de Produto,Paulo Jorge Silva Bartolo,Instituto Politécnico de Leiria,http://www.cdr-sp.ipleiria.pt,43,12,8,1,Excellent
MECH-LVT-Lisboa-134,Unidade de Engenharia e Tecnologia Naval,Carlos Guedes Soares,Instituto Superior Técnico - Universidade de Lisboa,http://www.mar.ist.utl.pt/uetn/,66,24,20,4,Very Good
MECH-Norte-Porto-221,Unidade de Gestão e Engenharia Industrial,José António Sarsfield Cabral,Instituto de Engenharia Mecânica - Faculdade de Engenharia da Universidade do Porto,http://www.fe.up.pt/si/unidades_geral.visualizar?p_unidade=135,12,5,5,2,Very Good
MECH-LVT-Oeiras-712,Unidade de I&D em Análise de Ciclo de Vida de Produtos e Componentes Industriais Soldados,JOSE OLIVEIRA SANTOS,Instituto de Soldadura e Qualidade,http://www.isq.pt,36,13,12,3,Good
MECH-LVT-Almada-667,Unidade de Investigação e Desenvolvimento em Engenharia Mecânica e Industrial - UNIDEMI,Virgilio António Cruz Machado,Faculdade de Ciências e Tecnologia - Universidade Nova de Lisboa,http://xenofonte.demi.fct.unl.pt/unidemi,36,26,16,5,Very Good
MECH-Norte-Porto-225,Unidade de Métodos Numéricos em Mecânica e Engenharia Estrutural,Carlos Alberto Conceição António,Instituto de Engenharia Mecânica - Faculdade de Engenharia da Universidade do Porto,http://paginas.fe.up.pt/idmec/cenume/,11,9,7,1,Good
MECH-Norte-Porto-766,Unidade de Novas Tecnologias Energéticas,Armando Carlos Figueiredo Coelho de Oliveira,Instituto de Engenharia Mecânica - Faculdade de Engenharia da Universidade do Porto,http://paginas.fe.up.pt/idmec/net/,6,6,6,1,Fair
MATE-Norte-Braga-264,Centro de Ciência e Tecnologia Têxtil,Fernando Batista Nunes Ferreira,Universidade do Minho,http://www.2c2t.uminho.pt/,26,24,24,3,Excellent
MATE-LVT-Lisboa-84,Instituto de Ciência e Engenharia de Materiais e Superfícies (Lisboa) - ICEMS,Rui Almeida,Instituto Superior Técnico - Universidade de Lisboa,http://www.icems.ist.utl.pt/index.shtml,108,76,67,20,Very Good
MATE-Centro-Covilha-195,Materiais Têxteis e Papeleiros,Manuel Jose dos Santos Silva,Universidade da Beira Interior,http://www.ubi.pt/texteis_papeleiros/,76,47,36,3,Good
CEBI-Acores-PontaDelgada-658,Centro de Biotecnologia dos Açores,Artur da Câmara Machado,Universidade dos Açores,http://www.markelink.com/directorios/ct2006/006-cen-biotec-acores.htm,23,10,7,1,Very Good
CEBI-Norte-Porto-4087,Centro de Inovação em Engenharia e Tecnologia Industrial,António Alfredo Crispim Ribeiro,Instituto Superior de Engenharia do Porto - Instituto Politécnico do Porto,n/a,34,28,18,4,Fair
CEBI-LVT-Lisboa-702,Centro de Investigação de Engenharia Química e Biotecnologia,Amin Karmali,Instituto Superior de Engenharia de Lisboa - Instituto Politécnico de Lisboa,"http://portal.ipl.pt/portal/page?_pageid=73,82436&_dad=portal&_schema=PORTAL",15,9,9,6,Good
CEBI-Centro-Coimbra-102,Centro de Investigação em Engenharia dos Processos Químicos e dos Produtos da Floresta,Maria Helena Gil,Faculdade de Ciências e Tecnologia - Universidade de Coimbra,http://www.eq.uc.pt/centro/,80,36,29,5,Excellent
CEBI-LVT-Lisboa-88,Centro de Processos Químicos,Jorge Manuel Rodrigues de Carvalho,Instituto Superior Técnico - Universidade de Lisboa,groups.ist.utl.pt/cpq,23,14,13,4,Good
CEBI-Norte-Porto-511,"Laboratório de Engenharia de Processos,  Ambiente E Energia - LEPAE",Luis Manuel Ferreira de Melo,Faculdade de Engenharia - Universidade do Porto,http://paginas.fe.up.pt/lepae/,84,29,27,1,Excellent
CEBI-LVT-Almada-474,Unit of Environmental Biotechnology ,Benilde Simoes Mendes,Faculdade de Ciências e Tecnologia - Universidade Nova de Lisboa,n/a,22,17,16,1,Good
COMP-LVT-Lisboa-605,ADETTI - Associação para o Desenvolvimento das telecomunicações e Técnicas de Informática,Henrique José Rocha ONeill,Associação para o Desenvolvimento das Telecomunicações e Técnicas de Informática,http://www.adetti.iscte.pt/,46,24,18,6,Good
COMP-LVT-Lisboa-4064,CENTER for INNOVATION in ELECTRICAL and ENERGY ENGINEERING,Joao Jose Esteves Santana,Instituto Superior Técnico - Universidade de Lisboa,http://www.ist.utl.pt/html/id/,43,33,31,5,Good
COMP-LVT-Lisboa-4060,Center for Sustainable Energy Systems -  University of Lisbon (SESUL),António Manuel Barros Gomes de Vallêra,Fundação da Faculdade de Ciências - Faculdade de Ciências da Universidade de Lisboa,http://solar.fc.ul.pt,13,11,8,1,Good
COMP-Norte-Braga-319,CENTRO ALGORITMI,Henrique Manuel DInis dos Santos,Universidade do Minho,http://www.algoritmi.uminho.pt/,80,80,77,9,Very Good
COMP-Centro-Covilha-629,Centro de Accionamentos e Sistemas Eléctricos,Carlos Manuel Pereira Cabrita,Universidade da Beira Interior,http://www.ubi.pt/investigacao.php,15,9,8,3,Fair
COMP-LVT-Lisboa-821,CENTRO DE ANÁLISE E PROCESSAMENTO DE SINAIS,António Manuel de Assis Gusmão Correia,Instituto Superior Técnico - Universidade de Lisboa,http://caps.ist.utl.pt/,12,7,5,2,Good
COMP-Norte-Braga-752,Centro de Ciências e Tecnologias de Computação,Rui Oliveira,Universidade do Minho,http://cctc.di.uminho.pt/,72,49,48,5,Good
COMP-Algarve-Faro-631,Centro de Electrónica Optoelectrónica e Telecomunicações (CEOT),Maria do Carmo Raposo de Medeiros,Faculdade de Ciências e Tecnologia - Universidade do Algarve,http://www.ualg.pt/fct/adeec/ceot/,23,18,7,1,Very Good
COMP-Centro-Coimbra-326,CENTRO DE INFORMÁTICA E SISTEMAS,Fernando Amílcar Bandeira Cardoso,Faculdade de Ciências e Tecnologia - Universidade de Coimbra,http://www.cisuc.uc.pt/,132,48,44,11,Very Good
COMP-LVT-Almada-527,CENTRO DE INFORMÁTICA E TECNOLOGIAS DA INFORMAÇÃO - CITI,Luís Manuel Marques da Costa Caires,Faculdade de Ciências e Tecnologia - Universidade Nova de Lisboa,http://citi.di.fct.unl.pt/,73,38,34,7,Good
COMP-LVT-Almada-526,CENTRO DE INTELIGÊNCIA ARTIFICIAL - CENTRIA,Pedro Barahona,Faculdade de Ciências e Tecnologia - Universidade Nova de Lisboa,http://centria.di.fct.unl.pt/,49,24,19,1,Good
COMP-Norte-Porto-608,Centro de Investigação em Sistemas Confiáveis e de Tempo Real - CISTER,Eduardo Tovar,Instituto Superior de Engenharia do Porto - Instituto Politécnico do Porto,http://www.cister.isep.ipp.pt,21,6,6,1,Excellent
COMP-LVT-Almada-66,Centro de Tecnologias e Sistemas (CTS),Adolfo Sanchez Steiger Garção,Instituto de Desenvolvimento de Novas Tecnologias - Faculdade de Ciências e Tecnologia da Universidade Nova de Lisboa,http://www.uninova.pt/cts/,69,30,22,6,Very Good
COMP-Norte-Porto-4092,"Centro para as Ciências da Computação, Cognição, e da Complexidade (C5)",Jorge Paulo Ferreira Simão,Faculdade de Ciências - Universidade do Porto,http://www.dcc.fc.up.pt/~jsimao/c5 ,7,1,0,1,Fair
COMP-Norte-Porto-4065,CRACS: Center for Research in Advanced Computing Systems,Fernando Manuel Augusto da Silva,Associação para o Desenvolvimento da Faculdade de Ciências da Universidade do Porto,http://cracs.fc.up.pt,20,10,7,1,Very Good
COMP-Norte-Porto-760,GECAD - Grupo de Investigação em Engenharia do Conhecimento e Apoio à Decisão (Knowledge Engineering and Decision Support Research Centre),Carlos Fernando da Silva Ramos,Instituto Superior de Engenharia do Porto - Instituto Politécnico do Porto,http://www.gecad.isep.ipp.pt/Gecad/,73,36,31,4,Good
COMP-Centro-Coimbra-308,INSTITUTO DE ENGENHARIA DE SISTEMAS E COMPUTADORES DE COIMBRA - INESC COIMBRA,Carlos Alberto Henggeler de Carvalho Antunes,Instituto de Engenharia de Sistemas e Computadores - Coimbra,http://www.inescc.pt/,56,30,29,3,Very Good
COMP-Centro-Aveiro-127,INSTITUTO DE ENGENHARIA ELECTRÓNICA E TELEMÁTICA DE AVEIRO - IEETA,Paulo Jorge dos Santos Gonçalves Ferreira,Universidade de Aveiro,http://www.ieeta.pt/,64,49,43,6,Very Good
COMP-Centro-Coimbra-48,INSTITUTO DE SISTEMAS E ROBÓTICA - ISR - COIMBRA,Aníbal Traça de Almeida,Instituto de Sistemas e Robótica - Coimbra - Faculdade de Ciências e Tecnologia da Universidade de Coimbra,http://www.isr.uc.pt,52,20,22,3,Excellent
COMP-Norte-Porto-147,INSTITUTO DE SISTEMAS E ROBÓTICA - ISR - PORTO,Fernando Lobo Pereira,Faculdade de Engenharia - Universidade do Porto,http://paginas.fe.up.pt/isrp/,66,35,21,8,Good
COMP-Norte-Porto-4089,Laboratorio de Inteligencia Artificial e Apoio a Decisão (LIAAD),Pavel Brazdil,Universidade do Porto,http://www.liaad.up.pt,30,12,11,1,Very Good
COMP-Norte-Porto-27,LABORATÓRIO DE INTELIGÊNCIA ARTIFICIAL E CIÊNCIA DE COMPUTADORES,Eugénio da Costa Oliveira,Universidade do Porto,http://www.liacc.up.pt/,70,34,20,8,Good
COMP-LVT-Lisboa-434,Laboratório de Modelação de Agentes - LabMAg,Luís Miguel Parreira e Correia,Fundação da Faculdade de Ciências - Faculdade de Ciências da Universidade de Lisboa,http://labmag.di.fc.ul.pt/,25,16,16,1,Good
COMP-Norte-Porto-720,Laboratório de Sinais e Sistemas,Diamantino Rui da Silva Freitas,Faculdade de Engenharia - Universidade do Porto,http://www.fe.up.pt/si/WEB_BASE.GERA_PAGINA?p_pagina=1828,4,4,3,1,Poor
COMP-LVT-Lisboa-408,LABORATÓRIO DE SISTEMAS INFORMÁTICOS DE GRANDE-ESCALA,Paulo Jorge Esteves Veríssimo,Faculdade de Ciências - Universidade de Lisboa,http://lasige.di.fc.ul.pt/,63,26,25,1,Very Good
ECO-LVT-Lisboa-4027,"ADVANCE, CENTRO DE INVESTIGAÇÃO AVANÇADA EM GESTÃO DO ISEG",JOÃO LUÍS CORREIA DUQUE,Instituto Superior de Economia e Gestão - Universidade Técnica de Lisboa,http://www.iseg.utl.pt,38,21,11,4,Good
ECO-Centro-Coimbra-4070,Centro de Coimbra para Gestão Inovadora/Coimbra Centre for Innovative Management (CCIM),Teresa Carla Trigo de Oliveira,Faculdade de Economia - Universidade de Coimbra,http://ccim.fe.uc.pt/,35,25,11,8,Fair
ECO-Algarve-Faro-4037,Centro de Estudos Avançados em Economia e Econometria,Alfredo Marvão Pereira,Universidade do Algarve,http://www.fe.ualg.pt/investigacao/casee,16,12,5,1,Fair
ECO-LVT-Lisboa-97,Centro de Estudos de Gestão do IST (CEG-IST),António Simão de Carvalho Fernandes,Instituto Superior Técnico - Universidade de Lisboa,http://www.deg.ist.utl.pt/cegist/,43,26,25,1,Very Good
ECO-Norte-Porto-731,Centro de Estudos de Gestão e Economia,Alberto de Castro,Centro Regional do Porto da Universidade Católica Portuguesa,http://www.porto.ucp.pt/site/custom/template/ucptplminisite.asp?sspageID=2421&lang=1,38,27,27,7,Good
ECO-Alentejo-Evora-4007,Centro de Estudos e Formação Avançada em Gestão e Economia da Universidade de Évora (CEFAGE-UE),Cesaltina Maria Pacheco Pires,,http:// www.cefage.uevora.pt,33,27,26,3,Excellent
ECO-Acores-PontaDelgada-685,Centro de Estudos em Economia Aplicada do Atlântico (CEEAplA),Francisco José Ferreira Silva,Universidade dos Açores,http://www.uac.pt/~ceeapla ,14,11,18,3,Very Good
ECO-Norte-Porto-277,Centro de Estudos Macroeconómicos e Previsão - CEMPRE,Manuel Martins,Faculdade de Economia - Universidade do Porto,http://www.fep.up.pt/investigacao/cempre/,33,30,21,6,Very Good
ECO-Norte-Barcelos-4043,Centro de Investigação em Contabilidade e Fiscalidade (CICF),Maria José da Silva Fernandes,Instituto Politécnico do Cávado e do Ave,http://www.esg.ipca.pt,33,20,3,4,Good
ECO-LVT-Lisboa-703,Centro de Investigação em Economia Aplicada,Ana Cristina Freitas Brasao Amador,Universidade Lusófona de Humanidades e Tecnologias,"http://www.grupolusofona.pt/portal/page?_pageid=514,573048&_dad=portal&_schema=PORTAL",10,9,8,4,Fair
ECO-LVT-Lisboa-4031,"Centro de Investigação em Turismo, Inovação e Serviços",Maria Manuela Martins Saraiva Sarmento Coelho,Universidade Lusíada de Lisboa,http://citis.ulusiada.pt,70,46,34,4,Fair
ECO-LVT-Lisboa-491,Centro de Matemática Aplicada à Previsão e Decisão Económica - CEMAPRE,NUNO PAULO DE SOUSA ARROBAS CRATO,Instituto Superior de Economia e Gestão - Universidade Técnica de Lisboa,http://cemapre.iseg.utl.pt/,36,29,22,6,Excellent
ECO-Norte-Porto-459,"CETE - Centro de Estudos de Economia Industrial, do Trabalho e da Empresa ",Maria Margarida Fernandes Ruivo,Faculdade de Economia - Universidade do Porto,http://www.fep.up.pt/investigacao/cete/,31,26,20,3,Very Good
ECO-Norte-Porto-4096,"EDGE - Estudos de Gestão - Centro de Investigação, Estudos e Serviços",Manuel Emílio Mota de Almeida Delgado Castelo Branco,Faculdade de Economia - Universidade do Porto,http://www.fep.up.pt/docentes/cdelgado/edge/,48,40,30,3,Fair
ECO-Centro-Leiria-4074,globADVANTAGE - Center of Research on International Business & Strategy,MANUEL ANÍBAL SILVA PORTUGAL E VASCONCELOS FERREIRA,Instituto Politécnico de Leiria,http://www.globadvantage.ipleiria.pt,10,8,5,1,Poor
ECO-Centro-Coimbra-31,Grupo de Estudos Monetários e Financeiros,Paulino Teixeira,Faculdade de Economia - Universidade de Coimbra,http://gemf.fe.uc.pt/,18,17,17,2,Good
ECO-LVT-Almada-623,IET - Centro de Investigação em Inovação Empresarial e do Trabalho,António Brandão Moniz,Faculdade de Ciências e Tecnologia - Universidade Nova de Lisboa,http://iet.fct.unl.pt/index.php?option=com_content&task=view&id=12&Itemid=40,34,18,6,5,Fair
ECO-Norte-Braga-4021,iMARKE - Investigação em Marketing e Estratégia,Minoo Farhangmehr,Universidade do Minho,http://www.eeg.uminho.pt/gestao/iMARKE/,20,9,8,3,Good
ECO-LVT-Lisboa-124,INOVA - Economia,Vasco Manuel Sousa Borges dos Santos,Faculdade de Economia - Universidade Nova de Lisboa,http://inova.fe.unl.pt/foreword.php,50,50,50,5,Excellent
ECO-Centro-Covilha-403,Núcleo de Estudos em Ciências Empresariais - NECE,Mário Lino Barata Raposo,Universidade da Beira Interior,http://www.dge.ubi.pt/NECE/,35,25,16,20,Good
ECO-Norte-Braga-3183,Núcleo de Estudos em Gestão - NEGE,Carlos José Cabral Cardoso,Universidade do Minho,http://www.negeum.net,39,18,12,5,
ECO-Norte-Braga-659,"Núcleo de Investigação em Economia Europeia, Industrial e Internacional",Maria Margarida dos Santos Proenca de Almeida,Universidade do Minho,http://neeii.eeg.uminho.pt/,9,7,7,1,
ECO-Norte-Braga-3181,Núcleo de Investigação em Microeconomia Aplicada (NIMA),Anabela Botelho,Universidade do Minho,http://nima.eeg.uminho.pt/,5,5,5,1,Good
ECO-Norte-Braga-3182,Núcleo de Investigação em Políticas Económicas  - NIPE,Francisco José Alves Coelho Veiga,Universidade do Minho,http://www.eeg.uminho.pt/economia/nipe/versao_inglesa/index_uk.htm,24,18,16,3,Excellent
ECO-LVT-Lisboa-436,Unidade de Estudos sobre Complexidade e Economia,João Martins Ferreira do Amaral,Instituto Superior de Economia e Gestão - Universidade Técnica de Lisboa,http://pascal.iseg.utl.pt/~uece/index.shtml,37,34,20,15,Very Good
ECO-LVT-Lisboa-407,Unidade de Investigação em Ciências Económicas e Empresariais - UNICEE,Maria Leonor Martins Ribeiro Modesto,Faculdade de Ciências Económicas e Empresariais - Universidade Católica Portuguesa,http://www.fcee.lisboa.ucp.pt/custom/template/fceetplcnsnot.asp?sspageid=80&lang=1&canal=4,27,26,25,2,Excellent
ECO-LVT-Lisboa-315,Unidade de Investigação em Desenvolvimento Empresarial - UNIDE,Elizabeth Reis,Instituto Superior de Ciências do Trabalho e da Empresa,http://unide.iscte.pt/,97,78,77,5,Very Good
ECO-Centro-Guarda-4056,Unidade de Investigação para o Desenvolvimento do Interior (UDI/IPG),Fernando Augusto de Sá Neves dos Santos,Instituto Politécnico da Guarda,http://www.ipg.pt,64,22,14,5,Good
LAW-LVT-Lisboa-714,CEDIS - Centro de Investigação & Desenvolvimento sobre Direito e Sociedade,António Manuel Botelho Hespanha,Faculdade de Direito - Universidade Nova de Lisboa,http://www.fd.unl.pt/,33,27,20,9,Very Good
LAW-LVT-Lisboa-713,Centro de Administração e políticas Públicas,João Abreu de Faria Bilhim,Instituto Superior de Ciências Sociais e Políticas - Universidade Técnica de Lisboa,http://capp.iscsp.utl.pt/,62,23,16,5,Excellent
LAW-LVT-Lisboa-4053,"Centro de Estudos, Jurídicos, Económicos e Ambientais",Manuel Carlos Lopes Porto,Universidade Lusíada de Lisboa,http://cejea.ulusiada.pt,90,48,23,6,Good
LAW-LVT-Lisboa-4017,Centro de Investigação da Faculdade de Direito da Universidade de Lisboa/Research Centre of the Faculty of Law,Paulo Manuel Cunha da Costa Otero,Fundação da Universidade de Lisboa,http://www.fd.ul.pt,16,16,15,4,Fair
LAW-Norte-Porto-443,Centro de Investigação Jurídico-Económica,Glória Teixeira,Faculdade de Direito - Universidade do Porto,http://www.direito.up.pt/cije_web/cije.php,18,11,11,1,Very Good
LAW-LVT-Lisboa-4088,CENTRO DE INVESTIGAÇÃO PARA O DESENVOLVIMENTO (CIDES),Antonio Jose Fernandes,"COFAC, Cooperativa de Formação e Animação Cultural, CRL",http://www.ulp.pt,29,12,9,3,Poor
LAW-Norte-Braga-4036,Direitos Humanos-Centro de Investigação Interdisciplinar,Pedro Carlos da Silva Bacelar de Vasconcelos,Universidade do Minho,http://www.uminho.pt,10,8,4,3,Very Good
LAW-LVT-Lisboa-637,Instituto  de Estudos Políticos da Universidade Católica Portuguesa,João Carlos Espada,Universidade Católica Portuguesa,http://www.ucp.pt/site/custom/template/ucptplfac.asp?sspageID=1791&lang=1,8,7,6,15,Fair
LAW-LVT-Lisboa-4018,Instituto do Oriente,Narana Sinai Coissoró,Instituto Superior de Ciências Sociais e Políticas - Universidade Técnica de Lisboa,http://ioriente.iscsp.utl.pt,22,10,7,1,Very Good
LAW-Norte-Braga-4076,NÚCLEO DE ESTUDOS DE DIREITO DAS AUTARQUIAS LOCAIS,António Cândido Macedo de Oliveira,Universidade do Minho,http://www.direito.uminho.pt,3,1,2,1,Very Good
LAW-Norte-Braga-758,Núcleo de Estudos em Administração e Políticas Públicas (NEAPP),Silvia Maria Vale Mendes Camões,Universidade do Minho,http://www2.eeg.uminho.pt/riap/NEAPP/plataforma/modulos/comum/scripts/visitante_construtor_pagina.php5?modulo=comum&script=home_page&coluna=1&nome_categoria=P%E1gina+Inicial,6,6,6,5,Excellent
LAW-Norte-Braga-656,Núcleo de Investigação em Ciência Política e Relações Internacionais /Research Unit in Political Science and International Relations ,Laura Cristina Ferreira-Pereira,Universidade do Minho,http://www.eeg.uminho.pt/Default.aspx?tabid=9&pageid=216&lang=pt-PT,37,18,37,3,Excellent
LAW-Centro-Aveiro-4058,"Unidade de Investigação em Governança, Competitividade e Políticas Públicas",Henrique Manuel Morais Diz,Universidade de Aveiro,n/a,53,36,30,4,Very Good
SOC-Norte-Porto-682,"Center of Cultural Studies, language and Behavior",Alvaro Campelo Martins Pereira,Fundação Ensino e Cultura Fernando Pessoa,n/a,107,70,50,4,Fair
SOC-LVT-Lisboa-289,Centro de Estudos das Migrações e das Relações Interculturais - CEMRI/ Centre for the Study of Migrations and Intercultural Relations,Maria Manuela Costa Malheiro Dias Aurélio Ferreira,Universidade Aberta,http://www.univ-ab.pt/investigacao/cemri/,66,29,24,5,Good
SOC-Centro-Coimbra-4084,Centro de Estudos de Geografia e Ordenamento do Território,Fernanda Maria Silva Dias Delgado Cravidão,Universidade de Coimbra,n/a,55,31,29,3,Good
SOC-LVT-Lisboa-4002,Centro de Estudos de Serviço Social e Sociologia,FRANCISCO JOSÉ DO NASCIMENTO BRANCO,Faculdade de Ciências Humanas - Universidade Católica Portuguesa,http://www.ucp.pt/site/custom/template/ucptplfac.asp?SSPAGEID=3788&lang=1&artigoID=4278,28,6,4,2,Fair
SOC-LVT-Lisboa-295,Centro de Estudos Geográficos - Lisboa,Diogo José Brochado de Abreu,Fundação da Universidade de Lisboa,http://www.ceg.ul.pt/,74,42,41,5,Excellent
SOC-Acores-PontaDelgada-4063,Centro de Estudos Sociais da Universidade dos Açores (CES-UA),Gilberta Margarida de Medeiros Pavão Nunes Rocha,Universidade dos Açores,http://www.uac.pt/ces-ua,12,10,9,5,Fair
SOC-LVT-Lisboa-3124,Centro de Estudos Territoriais,Isabel Maria Pimentel de Carvalho Guerra,Centro de Estudos Territoriais - Instituto Superior de Ciências do Trabalho e da Empresa,http://www.cet.iscte.pt,34,8,8,3,Good
SOC-Norte-VilaReal-4011,Centro de Estudos Transdisciplinares para o Desenvolvimento (CETRAD),Christopher Gerry,Universidade de Trás-os-Montes e Alto Douro,http://www.utad.pt/cetrad,65,35,19,3,Good
SOC-LVT-Lisboa-3126,Centro de Investigação e Estudos de Sociologia,Fernando Luís Lopes Machado,Centro de Investigação e Estudos de Sociologia - Instituto Superior de Ciências do Trabalho e da Empresa,http://www.cies.iscte.pt,149,48,35,6,Excellent
SOC-Centro-Coimbra-283,Centro de Investigação em Antropologia e Saúde,Cristina Padez,Faculdade de Ciências e Tecnologia - Universidade de Coimbra,http://www.uc.pt/cias/,53,27,12,5,Excellent
SOC-Norte-Braga-710,Centro de Investigação em Ciências Sociais,Manuel Carlos Silva,Universidade do Minho,http://www.cics.uminho.pt/site/01_nucleo.php,61,32,13,4,Good
SOC-Alentejo-Evora-4093,Centro de Investigação em Sociologia e Antropologia-Augusto Silva,Eduardo Álvaro Carmo Figueira,Universidade de Évora,n/a,25,12,10,1,Fair
SOC-LVT-Lisboa-428,Centro de Investigação em Sociologia Económica e das Organizações - SOCIUS,José Maria Carvalho Ferreira,Instituto Superior de Economia e Gestão - Universidade Técnica de Lisboa,http://pascal.iseg.utl.pt/~socius/home.html,40,25,21,7,Excellent
SOC-Norte-Porto-4071,Centro de Investigação Interdisciplinar e de Intervenção Comunitária,Luis Ferreira,,n/a,15,11,8,2,Poor
SOC-Algarve-Faro-4020,Centro de Investigação sobre o Espaço e as Organizações (CIEO),Maria Teresa Noronha,Universidade do Algarve,n/a,38,26,15,2,Very Good
SOC-LVT-Lisboa-298,Centro de Tradições Populares Portuguesas,João David Pinto Correia,Fundação da Universidade de Lisboa,http://correio.fc.ul.pt/~ctpp/,27,11,9,4,Fair
SOC-LVT-Lisboa-4038,Centro em Rede de Investigação em Antropologia (CRIA),Maria Antónia Pereira de Resende Pedroso de Lima,Centro em Rede de Investigação em Antropologia,n/a,188,70,56,8,Very Good
SOC-LVT-Lisboa-4012,CENTRO LUSÍADA DE INVESTIGAÇÃO EM SERVIÇO SOCIAL E INTERVENÇÃO SOCIAL- CLISSIS,João José da Silva Pissarra,Universidade Lusíada de Lisboa,n/a,84,14,11,3,Fair
SOC-LVT-Lisboa-4067,cesNova - Centro de Estudos de Sociologia da Universidade Nova de Lisboa,José David Gomes Justino,Faculdade de Ciências Sociais e Humanas - Universidade Nova de Lisboa,http://www.cesnova.fcsh.unl.pt/,153,53,31,4,Very Good
SOC-Centro-Leiria-4078,CIID - Centro de Investigação Identidades e Diversidades,Ricardo Manuel das Neves Vieira,Instituto Politécnico de Leiria,http://www.ciid.ipleiria.pt/,23,13,8,3,Fair
SOC-LVT-Lisboa-3127,DINÂMIA - Centro de Estudos Sobre a Mudança Socioeconómica  ,Isabel Salavisa de Oliveira Lança,Centro de Estudos sobre a Mudança Socioeconómica,http://dinamia.iscte.pt/index.php,42,23,17,5,Excellent
SOC-LVT-Lisboa-161,"e-GEO, Centro de Estudos de Geografia e Planeamento Regional",Maria de Nazaré Amorim de Oliveira Roca,Faculdade de Ciências Sociais e Humanas - Universidade Nova de Lisboa,http://e-geo.fcsh.unl.pt/,76,28,25,5,Good
SOC-Norte-Porto-727,Instituto de Sociologia da Faculdade de Letras da Universidade do Porto,João Miguel Trancoso Vaz Lopes,Faculdade de Letras - Universidade do Porto,http://www.letras.up.pt/isociologia/,39,18,16,4,Good
SOC-Centro-Covilha-4086,UBI_CES (Centro de Estudos Sociais da Universidade da Beira Interior),Maria Johanna Christina Schouten,Universidade da Beira Interior,http://www.ces.ubi.pt,21,13,9,2,Fair
SOC-LVT-Lisboa-462,Unidade de Estudo e Investigação de Ciências Sociais Aplicadas,Zoran Roca,Universidade Lusófona de Humanidades e Tecnologias,http://tercud.ulusofona.pt,39,22,19,4,Fair
EDU-Norte-Braga-317,Centro de Estudos da Criança,ANA MARIA TOMÁS DE ALMEIDA,Universidade do Minho,http://www.iec.uminho.pt/Default.aspx?tabid=9&pageid=50&lang=pt-PT,29,21,14,3,Good
EDU-Centro-Viseu-4016,"Centro de Estudos em Educação, Tecnologias e Saúde",Manuela Maria da Conceição Ferreira,Instituto Politécnico de Viseu,http://www.ipv.pt,124,56,51,2,Good
EDU-Centro-Aveiro-194,Centro de Investigação - Didáctica e Tecnologia na Formação de Formadores,Maria Isabel Tavares Pinheiro Martins,Universidade de Aveiro,http://www2.ii.ua.pt/uidtff/,75,35,29,3,Excellent
EDU-Centro-Coimbra-757,Centro de Investigação de Políticas do Ensino Superior - CIPES,Alberto Manuel Sampaio Castro Amaral,Fundação das Universidades Portuguesas,http://www.fup.pt/cipes/index.php,24,18,15,3,Excellent
EDU-Norte-Porto-167,Centro de Investigação e Intervenção Educativas - CIIE Porto,José Alberto Azevedo Vasconcelos Correia,Faculdade de Psicologia e de Ciências da Educação - Universidade do Porto,http://www.fpce.up.pt/ciie/,108,50,37,8,Good
EDU-LVT-Lisboa-188,Centro de Investigação em Educação,JOÃO PEDRO MENDES DA PONTE,Faculdade de Ciências - Universidade de Lisboa,http://cie.fc.ul.pt/,113,53,48,5,Very Good
EDU-Norte-Braga-1661,Centro de Investigação em Educação,José Augusto Brito Pacheco,Universidade do Minho,http://www.cied.uminho.pt/Default.aspx?tabid=4&pageid=5&lang=pt-PT,78,61,55,7,Good
EDU-Madeira-Funchal-4083,Centro de Investigação em Educação (CIE-UMa),Jesus Maria Angélica Fernandes Sousa,Universidade da Madeira,http://www.uma.pt/dce,31,21,30,1,Good
EDU-Centro-Aveiro-273,Centro de Investigação em Educação e Ciências do Comportamento,Carlos Fernandes da Silva,Universidade de Aveiro,http://www2.ii.ua.pt/uiccpsf/,70,42,36,10,Good
EDU-Alentejo-Evora-4101,Centro de Investigação em Educação e Psicologia da Universidade de Évora,António Manuel Águas Borralho,Universidade de Évora,http://www.cied.uevora.pt,33,31,27,4,Fair
EDU-Norte-Braga-644,Centro de Investigação em Formação de Profissionais de Educação da Criança,João Manuel Formosinho Sanches Simões,Universidade do Minho,http://www.iec.uminho.pt/Default.aspx?tabid=9&pageid=51&lang=pt-PT,98,61,59,6,Good
EDU-LVT-Lisboa-446,Centro Interdisciplinar de Estudos Educacionais,António José Correia de Almeida,Escola Superior de Educação de Lisboa - Instituto Politécnico de Lisboa,http://www.eselx.ipl.pt/cied/,62,27,22,3,Fair
EDU-LVT-Lisboa-185,Unidade de I&D de Ciências da Educação,Rui Fernando de Matos Saraiva Canário,Fundação da Universidade de Lisboa,http://uidce.fpce.ul.pt/,45,36,34,4,Good
EDU-LVT-Almada-2861,Unidade de Investigação Educação e Desenvolvimento - UIED,José Manuel Leonardo Matos,Faculdade de Ciências e Tecnologia - Universidade Nova de Lisboa,http://www.dcsa.fct.unl.pt/uied/,67,38,24,4,Good
EDU-LVT-Lisboa-747,Unidade I&D Observatório de Políticas de Educação e de Contextos Educativos,Antonio Teodoro,"COFAC, Cooperativa de Formação e Animação Cultural, CRL","http://www.grupolusofona.pt/portal/page?_pageid=514,573045&_dad=portal&_schema=PORTAL",73,30,24,8,Fair
LIN-Centro-Coimbra-287,Centro de Estudos de Linguística Geral e Aplicada - CELGA,Cristina dos Santos Pereira Martins,Universidade de Coimbra,http://www.uc.pt/celga/,36,24,15,8,Good
LIN-Norte-VilaReal-707,Centro de Estudos em Letras,Carlos Costa Assuncao,Universidade de Trás-os-Montes e Alto Douro,http://www.utad.pt/pt/investigacao/cel/index.html,72,65,49,5,Good
LIN-LVT-Lisboa-214,Centro de Linguística da Universidade de Lisboa,Ivo José de Castro,Fundação da Universidade de Lisboa,http://www.clul.ul.pt/,105,60,41,10,Excellent
LIN-Norte-Porto-22,Centro de Linguística da Universidade do Porto,Fatima Oliveira,Faculdade de Letras - Universidade do Porto,http://www.letras.up.pt,55,33,14,9,Very Good
LIN-LVT-Lisboa-3213,Centro de Linguística da Universidade Nova de Lisboa,Maria de Lourdes Santos Crispim,Faculdade de Ciências Sociais e Humanas - Universidade Nova de Lisboa,http://www.fcsh.unl.pt/clunl/en/nucleojovem.asp,118,55,39,9,Very Good
LIN-LVT-Lisboa-146,Instituto de Linguística Teórica e Computacional - ILTEC,Maria Helena Farmhouse Graça Mira Mateus,Instituto de Linguística Teórica e Computacional,http://www.iltec.pt/,36,13,10,3,Very Good
COMS-Norte-Porto-641,Centro de Estudos das Tecnologias e Ciências da Comunicação (CETAC.MEDIA),Fernando Manuel dos Santos Ramos,Faculdade de Letras - Universidade do Porto,http://sigarra.up.pt/flup_uk/UNIDADES_GERAL.VISUALIZAR?p_unidade=110,36,22,19,3,Fair
COMS-LVT-Lisboa-158,Centro de Estudos de Comunicação e Linguagens,José Bragança de Miranda,Centro de Estudos de Comunicação e Linguagens - Faculdade de Ciências Sociais e Humanas da Universidade Nova de Lisboa,http://www.cecl.com.pt/,46,26,21,8,Good
COMS-Norte-Braga-736,Centro de Estudos de Comunicação e Sociedade,Manuel Joaquim Silva Pinto,Universidade do Minho,http://www.cecs.uminho.pt/,37,16,14,2,Excellent
COMS-LVT-Lisboa-653,Centro de Investigação Media e Jornalismo - CIMJ,Nelson Traquina,Centro de Investigação Media e Jornalismo,http://www.cimj.org/index.asp,25,9,9,3,Very Good
COMS-LVT-Lisboa-722,"CICANT - Centro de Investigação em Comunicação Aplicada, Cultura e Novas Tecnologias",Cláudia Álvares,Universidade Lusófona de Humanidades e Tecnologias,"http://www.grupolusofona.pt/portal/page?_pageid=574,1&_dad=portal&_schema=PORTAL",38,21,18,1,Fair
COMS-Centro-Covilha-661,LABCOM - Laboratório de Comunicação e Conteúdos on-line,António Carreto Fidalgo,Universidade da Beira Interior,http://www.labcom.ubi.pt/,27,13,11,3,Very Good
PSY-LVT-Lisboa-700,Centro de Estudos de Psicologia Cognitiva e da Aprendizagem,Américo Gomes Baptista,Centro de Estudos de Psicologia Cognitiva e da Aprendizagem -  Universidade Lusófona de Humanidades e Tecnologias,"http://www.grupolusofona.pt/portal/page?_pageid=514,573047&_dad=portal&_schema=PORTAL",6,6,8,4,Good
PSY-LVT-Lisboa-3125,Centro de Investigação e de Intervenção Social,Francisco Gomes Esteves,Centro de Investigação e Intervenção Social - Instituto Superior de Ciências do Trabalho e da Empresa,http://www.cis.iscte.pt,63,25,21,3,Excellent
PSY-Norte-Braga-1662,Centro de Investigação em Psicologia - CIPsi,PAULO MANUEL PINTO PEREIRA ALMEIDA MACHADO,Universidade do Minho,http://www.cipsi.uminho.pt/,35,35,35,4,Very Good
PSY-LVT-Lisboa-314,CENTRO DE INVESTIGAÇÂO EM PSICOLOGIA DA UNIVERSIDADE DE LISBOA,Maria Isabel Real Fernandes de Sá,Fundação da Universidade de Lisboa,"http://www.fpce.ul.pt/centros/cpsicomt/",50,30,27,10,Good
PSY-Norte-Porto-662,Centro de Investigação em Psicologia do Comportamento Desviante e Saúde,Jorge Nuno Negreiros de Carvalho,Faculdade de Psicologia e de Ciências da Educação - Universidade do Porto,http://sigarra.up.pt/fpceup/unidades_geral.visualizar?p_unidade=78,11,11,11,3,Fair
PSY-LVT-Lisboa-4061,Centro de Investigação em Psicologia para o Desenvolvimento,Paulo Alexandre Soares Moreira,"Fundação Minerva, Cultura, Ensino e Investigação Científica",http://cipd.ulusiada.pt,52,21,14,3,Fair
PSY-LVT-Lisboa-278,"Centro de Psicologia Clínica e Experimental, Desenvolvimento, Cognição e Personalidade",Bruno Ademar Paisana Gonçalves,Fundação da Universidade de Lisboa,"http://www.ul.pt/portal/page?_pageid=173,173304&_dad=portal&_schema=PORTAL",19,18,15,11,Fair
PSY-Norte-Porto-50,Centro de Psicologia da Universidade do Porto,Marianne Hélène Lacomblez,Faculdade de Psicologia e de Ciências da Educação - Universidade do Porto,http://sigarra.up.pt/fpceup/unidades_geral.visualizar?p_unidade=72,151,50,32,25,Very Good
PSY-Centro-Coimbra-490,Centro de Psicopedagogia da Universidade de Coimbra,Maria Filomena Ribeiro da Fonseca Gaspar,Universidade de Coimbra,http://www.fpce.uc.pt/cientificas/psicop/,67,40,29,9,Fair
PSY-Centro-Coimbra-730,CINEICC - Centro de Investigação do Núcleo de Estudos e Intervenção Cognitivo-Comportamental,José Augusto da Veiga Pinto de Gouveia,Universidade de Coimbra,http://www.fpce.uc.pt/cientificas/cineicc/,64,24,16,4,Good
PSY-LVT-Lisboa-4052,Instituto de Investigação Pluridisciplinar da UAL,Luís Manuel Vítor Santos Moita,Universidade Autónoma de Lisboa,http://www.universidade-autonoma.pt,51,22,21,6,Poor
PSY-Centro-Coimbra-192,"Instituto de Psicologia Cognitiva, Desenvolvimento Vocacional e Social",Eduardo Santos,Universidade de Coimbra,http://www.uc.pt/ipc/,90,44,39,7,Good
PSY-LVT-Lisboa-332,Psicologia Cognitiva do Desenvolvimento e da Educação,Maria Margarida d Orey Alves Martins,Instituto Superior de Psicologia Aplicada,http://www.ispa.pt/uipcde/,34,21,20,10,Good
PSY-Norte-Paredes-4103,Unidade de Investigação em Psicologia e Saúde - UnIPSa,José Carlos Ferreirinha Cardoso da Rocha,"Instituto Superior de Ciências da Saúde-Norte - Cooperativa de Ensino Superior Politécnico e Universitário, CRL",http://www.cespu.pt,46,17,10,2,Poor
PSY-LVT-Lisboa-4010,Unidade de Investigação em Psicologia e Saúde (UIPES),Isabel Maria Pereira Leal,Instituto Superior de Psicologia Aplicada,http://www.ispa.pt,43,18,13,5,Good
LIT-LVT-Lisboa-114,Centro de Estudos Anglísticos,João Ernesto de Almeida Flor,Fundação da Universidade de Lisboa,http://www.fl.ul.pt/centros_invst/centro_angl/index.htm,72,41,30,7,Excellent
LIT-LVT-Lisboa-19,Centro de Estudos Clássicos ,Aires Nascimento,Fundação da Universidade de Lisboa,http://www.fl.ul.pt/unidades/centros/cec/,46,26,20,5,Good
LIT-Centro-Coimbra-196,Centro de Estudos Clássicos e Humanísticos,Maria Céu Grácio Zambujo Fialho,Universidade de Coimbra,http://www.uc.pt/eclassicos/entidade/cech/index.html,71,48,32,4,Excellent
LIT-LVT-Lisboa-509,Centro de Estudos Comparatistas,Helena Etelvina de Lemos Carvalhão BUESCU,Faculdade de Letras - Universidade de Lisboa,http://www.comparatistas.edu.pt,58,30,25,6,Excellent
LIT-LVT-Lisboa-126,Centro de Estudos de Comunicação e Cultura,Jorge Fazenda Lourenço,Faculdade de Ciências Humanas - Universidade Católica Portuguesa,http://www.ucp.pt/site/custom/template/ucptplfac.asp?SSPAGEID=3788&lang=1&artigoID=3747,61,46,30,17,Excellent
LIT-Norte-Braga-305,Centro de Estudos Humanísticos,Ana Gabriela Vilela Pereira de Macedo,Universidade do Minho,http://ceh.ilch.uminho.pt/,84,47,47,6,Excellent
LIT-Norte-Porto-4072,Centro de Estudos Interculturais (CEI),Clara Maria Laranjeira Sarmento e Santos,Instituto Politécnico do Porto,http://www.iscap.ipp.pt/~cei/,15,9,8,2,Poor
LIT-Algarve-Faro-735,Centro de Estudos Linguísticos e Literários - CELL  web page: www.cell.ualg.pt,PETAR DIMITROV PETROV,Universidade do Algarve,http://www.cell.ualg.pt,13,13,13,2,Fair
LIT-LVT-Lisboa-4051,Centro de Estudos sobre o Imaginário Literário,Helder Paulo Lourenço Godinho,Faculdade de Ciências Sociais e Humanas - Universidade Nova de Lisboa,http://www.fcsh.unl.pt/ceil,28,21,6,3,Fair
LIT-Centro-Coimbra-25,Centro de Investigação em Estudos Germanísticos,Maria Teresa Paula Santos Delgado Mingocho,Universidade de Coimbra,http://www.uc.pt/cieg/,43,20,7,10,Good
LIT-Centro-Aveiro-128,Centro de Línguas e Culturas - Centre for Languages and Cultures ,João Manuel Nunes Torrão,Universidade de Aveiro,http://www2.ii.ua.pt/cidlc/,114,56,49,3,Fair
LIT-Centro-Coimbra-759,Centro de Literatura Portuguesa,José Augusto Cardoso Bernardes,Faculdade de Letras - Universidade de Coimbra,http://www.uc.pt/clp,55,42,25,5,Good
LIT-LVT-Lisboa-77,Centro de Literaturas de Expressão Portuguesa das Universidades de Lisboa - CLEPUL,Annabela de Carvalho Vicente Rita,Fundação da Universidade de Lisboa,http://www.fl.ul.pt/unidades/centros/clepul/,76,54,50,4,Very Good
LIT-Centro-Coimbra-150,Centro Interuniversitário de Estudos Camonianos,José Carlos Seabra Pereira,Biblioteca Geral da Universidade de Coimbra,http://www.uc.pt/ciec/,44,39,16,4,Very Good
LIT-Norte-Porto-4097,"CETAPS - Centre for English, Translation and Anglo-Portuguese Studies",Gualter Cunha,Faculdade de Letras - Universidade do Porto,http://web.letras.up.pt/cetaps,44,33,27,7,Good
LIT-LVT-Lisboa-657,Instituto de Estudos de Literatura Tradicional,Ana Paula Amorim de Sousa Guimaraes,Faculdade de Ciências Sociais e Humanas - Universidade Nova de Lisboa,http://www.ielt.org,72,33,29,3,Excellent
LIT-LVT-Lisboa-4030,Instituto de Estudos Portugueses,Artur Anselmo de Oliveira Soares,Faculdade de Ciências Sociais e Humanas - Universidade Nova de Lisboa,http://idep.fcsh.unl.pt/,52,37,12,3,Poor
LIT-Norte-Porto-500,Instituto de Literatura Comparada,GONÇALO JOSÉ DO VALE PEIXOTO E VILAS-BOAS,Faculdade de Letras - Universidade do Porto,http://www.ilcml.com,22,15,12,1,Excellent
ART-LVT-Lisboa-4042,Artistic Studies Research Centre,Hugo Martins Gonçalves Ferrão,Faculdade de Belas-Artes - Universidade de Lisboa,http://www.fba.ul.pt,50,27,20,5,Good
ART-Norte-Porto-4041,Centro de Estudos Arnaldo Araújo (CEAA),Maria Helena Teixeira Maia,Escola Superior Artística do Porto,http://www.esap.pt,21,15,9,2,Good
ART-Norte-Porto-145,Centro de Estudos de Arquitectura e Urbanismo,Manuel Pinheiro Fernandes Sá,Faculdade de Arquitectura - Universidade do Porto,http://sigarra.up.pt/faup/unidades_geral.visualizar?p_unidade=50,27,17,17,6,Very Good
ART-LVT-Lisboa-648,Centro de Estudos de Arquitectura Paisagista - Professor Caldeira Cabral,Manuela Raposo Magalhães,Instituto Superior de Agronomia - Universidade Técnica de Lisboa,http://www.isa.utl.pt/ceap/,32,12,3,3,Very Good
ART-LVT-Lisboa-693,Centro de Estudos de Sociologia e Estética Musical,Manuel Pedro Ramalho Ferreira,Faculdade de Ciências Sociais e Humanas - Universidade Nova de Lisboa,http://www.fcsh.unl.pt/cesem ,58,34,20,3,Very Good
ART-LVT-Lisboa-279,Centro de Estudos de Teatro,Maria João Monteiro Brilhante,Fundação da Universidade de Lisboa,http://www.fl.ul.pt/centros_invst/teatro/pagina/centro-estudos-teatro.htm,27,11,11,1,Excellent
ART-Alentejo-Evora-112,Centro de História da Arte e Investigação Artística (CHAIA),Christine Mathilde Thérèse Zurbach,Universidade de Évora,http://www.cha.uevora.pt/,40,22,20,6,Very Good
ART-LVT-Lisboa-4008,Centro de Investigação em Arquitectura Urbanismo e Design,Jorge Filipe Ganhão da Cruz Pinto,Faculdade de Arquitectura - Universidade Técnica de Lisboa,http://www.fa.utl.pt/~ciaud,118,55,29,3,Excellent
ART-Algarve-Faro-4019,Centro de Investigação em Artes e Comunicação - CIAC,António Manuel da Costa Guedes Branco,Universidade do Algarve,https://si-web.ualg.pt/index.php,52,16,13,2,Excellent
ART-Norte-Porto-622,Centro de Investigação em Ciências e Tecnologias das Artes,Manuel Joaquim Pinho Moreira de Azevedo,Centro Regional do Porto da Universidade Católica Portuguesa,http://artes.ucp.pt/citar/,58,18,14,4,Very Good
ART-LVT-Lisboa-4026,"Centro de Investigação em Território, Arquitectura e Design",Alberto Cruz Reaes Pinto,Universidade Lusíada de Lisboa,http://citad.ulusiada.pt,156,46,31,4,Very Good
ART-Centro-Aveiro-4057,"ID+ (Instituto de Investigação em Design, Media e Cultura)",Vasco Afonso Silva Branco,Universidade de Aveiro,http://idmais.org/,73,24,13,1,Very Good
ART-LVT-Lisboa-472,Instituto de Etnomusicologia ,Salwa Castelo-Branco,Faculdade de Ciências Sociais e Humanas - Universidade Nova de Lisboa,http://www.fcsh.unl.pt/inet/,67,27,18,5,Very Good
ART-LVT-Lisboa-417,Instituto de História da Arte,Manuel Justino Pinheiro Maciel,Faculdade de Ciências Sociais e Humanas - Universidade Nova de Lisboa,http://www.fcsh.unl.pt/invest/unidade.asp,87,26,18,6,Very Good
ART-LVT-Lisboa-711,Unidade de Investigação em Design e Comunicação - UNIDCOM/IADE,Fernando Antonio de Oliveira Carvalho Rodrigues,"Instituto de Artes Visuais, Design e Marketing",http://www.iade.pt/default.aspx?SqlPage=content&CpContentId=286004&OrderNr=87113,47,15,14,2,Very Good
ART-Alentejo-Evora-4001,Unidade de Investigação em Música e Musicologia - UnIMeM,Benoît Gibson,Universidade de Évora,http://www.ensino.uevora.pt/mus/,28,16,16,4,Good
ART-LVT-Almada-729,Vidro e Cerâmica para as Artes,António Pires de Matos,Fundação da Faculdade de Ciências e Tecnologia - Universidade Nova de Lisboa,http://www.apvidro.org/VICARTE.htm,18,8,6,1,Very Good
PHIL-LVT-Lisboa-701,CEFi - Centro de Estudos de Filosofia,Manuel Cândido de Melo Medeiros Pimentel,Universidade Católica Portuguesa,http://www.ucp.pt/site/custom/template/ucptplminisitehome.asp?sspageID=3674&lang=1,36,25,16,6,Good
PHIL-Norte-Porto-705,Centro de Estudos do Pensamento Português,Arnaldo Cardoso de Pinho,Centro Regional do Porto da Universidade Católica Portuguesa,http://www.porto.ucp.pt/site/custom/template/ucptplminisite.asp?sspageID=1518&lang=1,19,18,13,1,Very Good
PHIL-Norte-Braga-683,Centro de Estudos Filosóficos,"Manuel Gonçalves Sumares, Junior",Faculdade de Filosofia de Braga - Universidade Católica,http://www.facfil.ucp.pt/cef.html,33,24,22,8,Good
PHIL-LVT-Lisboa-310,Centro de Filosofia da Universidade de Lisboa,Manuel José do Carmo Ferreira,Fundação da Universidade de Lisboa,http://cfcul.fc.ul.pt/,105,70,50,7,Very Good
PHIL-LVT-Lisboa-678,Centro de Filosofia das Ciências da Universidade de Lisboa,Olga Pombo,Fundação da Faculdade de Ciências - Faculdade de Ciências da Universidade de Lisboa,http://cfcul.fc.ul.pt/,82,44,19,7,Very Good
PHIL-Norte-Porto-502,Instituto de Filosofia,José Francisco Preto Meirinhos,Faculdade de Letras - Universidade do Porto,http://web2.letras.up.pt/ifilosofia,140,75,43,12,Excellent
PHIL-LVT-Lisboa-183,Instituto de Filosofia da Linguagem,António José Marques,Faculdade de Ciências Sociais e Humanas - Universidade Nova de Lisboa,http://www.ifl.pt/main/,29,24,23,5,Excellent
PHIL-Centro-Covilha-738,Instituto de Filosofia Prática,José Manuel Boavida dos Santos,Universidade da Beira Interior,http://www.ifp.ubi.pt/,13,9,6,2,Very Good
PHIL-Centro-Coimbra-10,"Linguagem, Interpretação e Filosofia - LIF",António Manuel Martins,Faculdade de Letras - Universidade de Coimbra,http://www.uc.pt/lif/,45,25,16,8,Excellent
PHIL-LVT-Lisboa-468,"Unidade de Estudo e Investigação de Ciência, Tecnologia e Sociedade",Antonio Fernando Martins dos Santos Neves,Universidade Lusófona de Humanidades e Tecnologias,"http://www.grupolusofona.pt/portal/page?_pageid=514,573034&_dad=portal&_schema=PORTAL",89,48,24,6,
HIST-LVT-Lisboa-698,Centro de Arqueologia da Universidade de Lisboa (UNIARQ),VICTOR MANUEL DOS SANTOS GONCALVES,Fundação da Universidade de Lisboa,http://www.fl.ul.pt/unidades/centros.htm,31,23,17,6,Good
HIST-Centro-Coimbra-281,Centro de Estudos Arqueológicos das Universidades de Coimbra e Porto,Maria Conceição Lopes,Centro de Estudos Arqueológicos das Universidades de Coimbra e Porto - Faculdade de Letras da Universidade de Coimbra,http://ia.regiaocentro.net/,90,45,27,6,Very Good
HIST-LVT-Lisboa-3128,Centro de Estudos de História Contemporânea Portuguesa,Maria Carlos Correia Mendes Radich de Oliveira Baptista,Centro de Estudos de História Contemporânea Portuguesa - Instituto Superior de Ciências do Trabalho e da Empresa,http://cehcp.iscte.pt/,30,22,15,7,Good
HIST-Alentejo-Evora-613,Centro de Estudos de História e Filosofia da Ciência (CEHFC),Maria de Fátima Nunes,Universidade de Évora,http://www.cehfc.uevora.pt,22,14,11,1,Good
HIST-LVT-Lisboa-647,Centro de Estudos de História Religiosa (CEHR) / Centre of Religious History Studies,Ana Maria Castelo Martins Jorge,Universidade Católica Portuguesa,http://www.cehr.ft.lisboa.ucp.pt,67,39,16,3,Good
HIST-LVT-Lisboa-56,Centro de Estudos Históricos,Joao Jose Alves Dias,Universidade Nova de Lisboa,http://ceh-unl.tripod.com,10,5,13,8,Good
HIST-Centro-Coimbra-460,Centro de Estudos Interdisciplinares do Século XX - CEIS 20,Maria Manuela de Bastos Tavares Ribeiro,Universidade de Coimbra,http://www.ceis20.uc.pt,92,39,28,14,Very Good
HIST-LVT-Lisboa-15,Centro de História da Cultura,Joao Luis Lisboa,Faculdade de Ciências Sociais e Humanas - Universidade Nova de Lisboa,http://www.fcsh.unl.pt/chc/,67,50,31,8,Very Good
HIST-Centro-Coimbra-311,Centro de História da Sociedade e da Cultura,João Marinho dos Santos,Faculdade de Letras - Universidade de Coimbra,http://www.chsc.uc.pt/,50,28,26,2,Very Good
HIST-LVT-Lisboa-64,Centro de História da Universidade de Lisboa,António Adriano de Ascensão Pires Ventura,Fundação da Universidade de Lisboa,http://www.fl.ul.pt/unidades/centros/c_historia/,45,43,40,7,Fair
HIST-LVT-Lisboa-442,Centro de História de Além-Mar,João Paulo Azevedo de Oliveira e Costa,Faculdade de Ciências Sociais e Humanas - Universidade Nova de Lisboa,http://cham.fcsh.unl.pt/,79,42,33,13,Very Good
HIST-Norte-Porto-4059,"CENTRO DE INVESTIGAÇÃO TRANSDISCIPLINAR CULTURA, ESPAÇO e MEMÓRIA / TRANSDISCIPLINARY RESEARCH CENTRE CULTURE, SPACE, MEMORY (CITCEM)",Gaspar Martins Pereira,Faculdade de Letras - Universidade do Porto,http://www.letras.up.pt/dh,192,85,72,5,Good
HIST-Alentejo-Evora-57,"Centro Interdisciplinar de História, Culturas e Sociedades da Universidade de Évora",Mafalda Soares da Cunha,Universidade de Évora,http://www.cidehus.uevora.pt,68,29,21,6,Very Good
HIST-LVT-Almada-286,Centro Interuniversitario de Historia das Ciencias e da Tecnologia (CIUHCT),Maria Paula Pires dos Santos Diogo,Faculdade de Ciências e Tecnologia - Universidade Nova de Lisboa,http://chcul.fc.ul.pt/,48,24,15,5,Very Good
HIST-Norte-Porto-21,CEPESE - Centro de Estudos da População Economia e Sociedade,Fernando Alberto Pereira de Sousa,"Centro de Estudos da População, Economia e Sociedade - Faculdade de Letras da Universidade do Porto",http://www.cepese.pt,139,83,75,7,Very Good
HIST-LVT-Lisboa-431,Gabinete de História Económica e Social,Nuno João de Oliveira Valério,Instituto Superior de Economia e Gestão - Universidade Técnica de Lisboa,http://pascal.iseg.utl.pt/~ghes/index.html,9,8,7,2,Very Good
HIST-Norte-Porto-42,GEHVID - Grupo de Estudos de História da Viticultura Duriense  e do Vinho do Porto,ANTÓNIO MANUEL DE BARROS CARDOSO,Faculdade de Letras - Universidade do Porto,http://www.letras.up.pt/gehvid,45,19,13,5,Fair
HIST-LVT-Lisboa-4025,HERITAGE RESEARCH CENTER,NUNO RUI DA FONSECA SANTOS PINHEIRO,Universidade Lusíada de Lisboa,http://cip.ulusiada.pt,29,17,4,3,Fair
HIST-LVT-Lisboa-749,Instituto de Estudos Medievais,Maria de Lurdes Pereira Rosa,Faculdade de Ciências Sociais e Humanas - Universidade Nova de Lisboa,http://www.fcsh.unl.pt/iem/,42,16,9,6,Very Good
HIST-LVT-Lisboa-415,Instituto de História Contemporânea,Fernando José Mendes Rosas,Instituto de História Contemporânea - Faculdade de Ciências Sociais e Humanas da Universidade Nova de Lisboa,http://ihc.fcsh.unl.pt/,67,26,18,10,Very Good
AFR-LVT-Lisboa-3122,Centro de Estudos Africanos,Clara Carvalho,Instituto Superior de Ciências do Trabalho e da Empresa,http://www.dcsa.fct.unl.pt/uied/,73,47,26,4,Very Good
AFR-Norte-Porto-495,Centro de Estudos Africanos da Universidade do Porto,ELVIRA CUNHA DE AZEVEDO SILVA MEA,Faculdade de Letras - Universidade do Porto,http://www.africanos.eu ,27,14,11,5,Very Good
AFR-LVT-Lisboa-220,Centro de Estudos Sobre África e do Desenvolvimento - CESA,Jochen Oppenheimer,Instituto Superior de Economia e Gestão - Universidade Técnica de Lisboa,http://pascal.iseg.utl.pt/~cesa/,17,17,14,5,Very Good
